TDSFU Daily run: Mon Oct 27 07:52:02 UTC 2025 TDSFU
TDSFU Daily run: Mon Oct 27 07:52:15 UTC 2025 TDSFU
TDSFU Daily run: Mon Oct 27 09:43:43 UTC 2025 TDSFU
TDSFU Daily run: Mon Oct 27 09:44:03 UTC 2025 TDSFU
TDSFU Daily run: Tue Oct 28 04:37:47 UTC 2025 TDSFU
TDSFU Daily run: Wed Oct 29 04:42:18 UTC 2025 TDSFU
TDSFU Daily run: Thu Oct 30 04:37:07 UTC 2025 TDSFU
TDSFU Daily run: Fri Oct 31 04:39:49 UTC 2025 TDSFU
TDSFU Daily run: Sat Nov  1 04:34:11 UTC 2025 TDSFU
TDSFU Daily run: Sun Nov  2 04:37:05 UTC 2025 TDSFU
TDSFU Daily run: Mon Nov  3 04:42:57 UTC 2025 TDSFU
TDSFU Daily run: Tue Nov  4 04:37:37 UTC 2025 TDSFU
